,team_id,pts,win_equiv,opp_id,opp_pts,game_location,forecast
90313,MEM,80,28.538576000000003,DET,90,H,0.55710864
90333,MEM,102,28.271953999999997,MIN,111,A,0.17520797
90365,MEM,85,27.711145000000002,DAL,94,H,0.33456028
90388,MEM,101,27.396241999999997,PHO,113,A,0.17560512
90400,MEM,92,26.846483000000003,LAC,108,A,0.24366808
90431,MEM,86,26.685402000000003,LAL,110,A,0.064325929
90465,MEM,79,25.611511,GSW,86,H,0.64311075
90507,MEM,85,24.670979,POR,101,H,0.39684778
90541,MEM,98,25.154881,CLE,93,H,0.59244603
90581,MEM,94,24.708323999999998,CLE,101,A,0.32862097
90614,MEM,89,24.007753,PHO,103,H,0.3396022
90630,MEM,84,23.80961,DET,91,A,0.16631836
90654,MEM,98,24.857264,SAC,94,H,0.22021
90702,MEM,88,24.765047,TOR,91,A,0.11905754
90708,MEM,102,26.628346999999998,HOU,85,H,0.35411572
90745,MEM,93,28.193671999999996,PHI,87,A,0.16267538
90755,MEM,71,27.407615999999997,ORL,113,A,0.18053770000000002
90793,MEM,80,26.269921999999998,MIN,105,H,0.34903732
90827,MEM,92,27.356136,PHI,83,H,0.42206794
90862,MEM,81,26.058467999999998,WAS,91,H,0.62886798
90887,MEM,86,25.828749,DEN,89,A,0.25940728
90920,MEM,84,25.184975,GSW,93,A,0.39053428
90936,MEM,87,24.998285,SAC,104,A,0.094035804
90954,MEM,105,24.520916,MIL,114,H,0.30839789
90987,MEM,90,25.347611999999998,NYK,88,A,0.21215051
90997,MEM,114,26.885906,LAL,108,H,0.15969293
91032,MEM,80,26.714745,BOS,85,A,0.16184485
91056,MEM,107,27.443222,CHI,85,H,0.74280334
91093,MEM,91,28.35977,MIA,86,A,0.36272889
91121,MEM,79,28.112322,SAS,83,H,0.23965305
91168,MEM,109,26.83215,ATL,113,H,0.60281241
91236,MEM,84,26.780363,TOR,81,H,0.37792370000000003
91264,MEM,102,28.284336,PHO,96,A,0.17981267
91302,MEM,97,29.334352000000003,UTA,95,A,0.14448434
91314,MEM,81,29.020146999999998,LAL,120,A,0.082251608
91361,MEM,97,28.381096000000003,DAL,108,H,0.33329338
91395,MEM,103,27.286972,ORL,119,H,0.42988896
91431,MEM,98,27.128072999999997,SAC,112,A,0.087985754
91454,MEM,95,26.333719,GSW,107,A,0.39269781
91472,MEM,82,25.739029000000002,POR,120,A,0.15531778
91491,MEM,92,25.287382,CHI,95,A,0.45935023
91515,MEM,119,25.947210000000002,LAC,115,H,0.44044638
91543,MEM,82,25.822306,IND,83,A,0.20289314
91572,MEM,85,25.388826,LAL,100,H,0.21135329
91630,MEM,86,25.412731,UTA,79,H,0.34381241
91657,MEM,103,25.286989000000002,MIL,107,A,0.13904249999999999
91675,MEM,78,24.956213,HOU,85,A,0.25357169
91703,MEM,85,23.618612,DEN,100,H,0.55166996
91784,MEM,93,25.995237,SAS,99,A,0.10396361
91809,MEM,72,25.413114999999998,PHO,78,H,0.43258348
91868,MEM,77,24.480364,LAC,90,H,0.44239125
91877,MEM,91,24.316295999999998,DAL,104,A,0.099692702
91911,MEM,70,23.857246,UTA,114,A,0.11647326
91917,MEM,83,23.3036,DEN,96,A,0.29470944
91964,MEM,76,21.941689,ATL,95,A,0.27764791
92011,MEM,122,23.183239,IND,111,H,0.37430128
92049,MEM,88,22.764584,MIA,93,H,0.3762238
92077,MEM,79,23.312365,UTA,78,H,0.29652688
92097,MEM,84,23.174661999999998,SAS,98,A,0.08370596200000001
92129,MEM,97,22.7637,BOS,103,H,0.34253117
92187,MEM,92,21.489517000000003,NYK,101,H,0.48792517
92218,MEM,93,21.296614,MIN,95,H,0.27923617
92244,MEM,100,21.185154,DAL,111,A,0.083741307
92281,MEM,103,22.536226,POR,100,A,0.06675964599999999
92359,MEM,105,22.817162,GSW,99,H,0.64442664
92394,MEM,83,22.329378,SAC,107,H,0.18824199
92408,MEM,81,22.156792000000003,MIN,92,A,0.12057692
92442,MEM,99,23.463165,HOU,81,H,0.49286392
92464,MEM,85,23.278894,WAS,88,A,0.22575963
92499,MEM,97,24.038902,DEN,86,H,0.58108187
92535,MEM,102,24.849939000000003,POR,99,H,0.28139105
92572,MEM,92,24.377146,SAS,113,H,0.19013359
92577,MEM,98,25.205994,HOU,95,A,0.27512813
92607,MEM,84,24.944925,LAC,92,A,0.19344038
92807,MEM,108,27.927774,DAL,119,H,0.29910126
92835,MEM,86,27.427919,DET,109,A,0.17868823
92858,MEM,99,26.866383000000003,SAC,116,H,0.23942803
92883,MEM,101,26.65885,SAS,103,H,0.26569167
92918,MEM,88,26.460268,POR,94,A,0.17047387
92947,MEM,91,26.332256,SAC,99,A,0.10042185
92958,MEM,73,25.759562,DEN,84,A,0.31654572
92983,MEM,101,24.744345000000003,GSW,108,H,0.6263755
93030,MEM,95,24.317375,MIN,99,H,0.40437898
93047,MEM,93,23.479143,CHI,111,A,0.3457678
93091,MEM,106,23.329647,MIN,110,A,0.1687184
93113,MEM,88,22.873901,PHI,95,H,0.3470495
93146,MEM,86,22.764729,SAS,95,A,0.08815872699999999
93157,MEM,85,23.961223999999998,WAS,74,H,0.40012005
93236,MEM,106,25.622545000000002,LAL,112,H,0.34326315
93271,MEM,87,24.984753,TOR,92,H,0.50484192
93293,MEM,91,24.785048,LAL,101,A,0.13632691
93315,MEM,85,24.393219000000002,PHO,98,A,0.21428829
93344,MEM,71,23.982225,UTA,104,A,0.12734294
93368,MEM,102,24.923714,PHO,94,H,0.43196216
93393,MEM,107,26.634144,MIA,96,A,0.26361877
93405,MEM,96,26.985281,DEN,93,H,0.63391876
93427,MEM,114,27.772923,HOU,109,H,0.42536145
93449,MEM,87,27.626879,DAL,104,A,0.07199019200000001
93479,MEM,104,28.461014000000002,GSW,91,H,0.61583883
93520,MEM,100,27.88924,WAS,118,A,0.23144388
93542,MEM,95,28.897938,MIL,84,H,0.51397204
93570,MEM,74,27.429926000000002,UTA,103,H,0.38696787
93617,MEM,99,28.728336,ORL,86,H,0.45361513
93675,MEM,89,28.456709000000004,BOS,96,A,0.20179957
93699,MEM,116,29.065685,LAC,111,H,0.53765947
93776,MEM,95,29.369925,LAC,103,A,0.30196053
93814,MEM,90,29.167315999999996,PHO,96,A,0.16647732
93842,MEM,98,29.05842,SAC,106,A,0.083232045
93853,MEM,110,29.802603,GSW,108,A,0.29754251
93888,MEM,92,29.596327000000002,POR,100,A,0.14597571
93948,MEM,87,28.486416,POR,99,H,0.35698104
93991,MEM,98,30.136677000000002,SAS,93,A,0.12002164
93996,MEM,98,29.859362,SAC,104,H,0.21705472
94052,MEM,95,27.938059000000003,HOU,100,H,0.49051496
94109,MEM,102,27.151515999999997,NYK,108,H,0.53331584
94146,MEM,78,26.176189,DEN,93,A,0.41272527
94155,MEM,91,25.801192999999998,GSW,101,A,0.23200047
94197,MEM,84,25.512058,UTA,105,A,0.1206674
94258,MEM,103,26.572626,DAL,110,H,0.21538658
94290,MEM,101,28.061926,MIL,95,A,0.18226558
94319,MEM,108,28.973038,IND,103,H,0.37006956
94374,MEM,82,28.452959000000003,HOU,93,A,0.20149547
94406,MEM,103,29.900776,UTA,92,H,0.36778602
94445,MEM,107,29.701978999999998,PHI,111,A,0.19396716
94462,MEM,126,30.494606,MIA,116,H,0.58869004
94475,MEM,87,30.213926,DAL,114,A,0.093200862
94508,MEM,110,29.836145000000002,BOS,111,H,0.48414186
94536,MEM,96,30.244373,DEN,86,H,0.76494259
94577,MEM,115,31.844637,CLE,89,A,0.57221687
94604,MEM,119,33.570644,TOR,106,A,0.35702538
94625,MEM,87,34.34375,NYK,85,A,0.30438149
94639,MEM,124,35.393153999999996,CHI,95,H,0.72742486
94692,MEM,124,36.844971,ATL,92,H,0.66457105
94719,MEM,80,36.361263,MIN,96,A,0.19814843
94737,MEM,128,36.889904,CLE,101,H,0.84459192
94758,MEM,92,36.375042,IND,101,A,0.28723538
94815,MEM,110,37.341713,ORL,104,A,0.2699458
94845,MEM,99,36.711304,PHO,101,H,0.59445369
94903,MEM,100,35.08749,LAC,102,A,0.50632095
94915,MEM,94,34.650707000000004,LAL,110,A,0.18298167
94946,MEM,87,33.868984000000005,SAS,105,H,0.2838062
94970,MEM,101,33.589928,LAL,102,H,0.36576739
94984,MEM,91,33.001896,ATL,97,A,0.39747226
95029,MEM,111,33.274719,LAC,108,H,0.72583252
95069,MEM,96,33.969109,POR,93,H,0.41671625
95102,MEM,107,33.457176000000004,DET,110,H,0.46061271
95133,MEM,86,33.002502,HOU,97,A,0.23728299
95154,MEM,87,32.277161,MIN,95,H,0.41605577
95387,MEM,91,33.826473,BOS,93,H,0.57222044
95404,MEM,79,35.514206,HOU,71,A,0.23857605
95430,MEM,88,36.932014,SAS,80,H,0.32295945
95460,MEM,87,36.583294,POR,93,A,0.25039876
95490,MEM,88,36.113514,PHO,96,A,0.28225738
95510,MEM,89,35.687683,UTA,96,A,0.27763635
95528,MEM,105,37.110149,LAL,95,H,0.38233364
95563,MEM,107,38.448177,ORL,97,A,0.41208261
95602,MEM,108,39.510605,DAL,101,H,0.42267996
95654,MEM,92,38.618244,DET,99,H,0.50527143
95711,MEM,89,38.517509000000004,LAL,121,A,0.19181204
95739,MEM,89,37.966412,SAC,109,A,0.19311273
95777,MEM,98,37.225567,MIN,102,H,0.54740107
95788,MEM,122,38.01709,CLE,115,A,0.53871
95812,MEM,96,39.208683,BOS,89,A,0.37186259
95865,MEM,92,40.895283,WAS,77,H,0.72788161
95906,MEM,93,41.982376,POR,79,H,0.57916397
95945,MEM,103,42.517921,ATL,90,H,0.75832278
95971,MEM,88,41.869816,MIA,91,A,0.54056954
96016,MEM,67,44.261234,SAS,78,A,0.20451403
96023,MEM,105,45.048038,SAC,100,H,0.47134802
96073,MEM,97,45.510021,MIA,83,H,0.79438263
96117,MEM,99,44.234451,DEN,106,A,0.45171589
96138,MEM,97,43.703522,SAC,114,A,0.20622510000000002
96161,MEM,94,42.490417,NYK,98,H,0.76581615
96181,MEM,98,42.117451,DAL,104,A,0.26308125
96210,MEM,86,41.601006,IND,94,A,0.30271602
96248,MEM,100,41.367725,UTA,88,H,0.60342586
96283,MEM,112,41.753006,ORL,103,H,0.7783515999999999
96391,MEM,108,41.768394,LAC,107,A,0.42684388
96397,MEM,115,42.343826,GSW,113,A,0.44832307
96443,MEM,108,42.782024,CHI,93,H,0.81291282
96482,MEM,91,43.640701,PHI,87,A,0.390912
96506,MEM,88,44.320419,HOU,83,H,0.52953577
96538,MEM,88,44.995132,LAL,82,H,0.56540704
96565,MEM,109,46.487667,SAC,95,H,0.45374817
96598,MEM,106,47.345543,DEN,88,H,0.69449717
96642,MEM,76,45.163319,POR,88,H,0.76204056
96664,MEM,79,43.799122,UTA,85,H,0.73000962
96681,MEM,78,43.554756,DET,80,A,0.27475297
96711,MEM,106,43.941082,GSW,101,H,0.70527345
96753,MEM,103,44.333801,WAS,101,A,0.59047639
96765,MEM,105,45.404594,MIL,85,H,0.6571508
96801,MEM,99,46.182854,MIN,98,A,0.2275219
96817,MEM,83,45.726997,DEN,86,A,0.41358143
96847,MEM,110,46.127392,LAC,102,H,0.75357836
96872,MEM,109,47.435684,DAL,92,H,0.55277818
96916,MEM,97,47.659615,PHO,92,H,0.81261581
96928,MEM,105,48.206749,CHI,98,A,0.65285158
96963,MEM,109,48.500111,DEN,106,H,0.70948935
96995,MEM,92,46.949505,GSW,99,H,0.75900799
97020,MEM,104,46.557354,MIL,106,A,0.41374707
97068,MEM,81,47.747349,SAS,80,A,0.20955735
97102,MEM,97,48.913101,POR,88,A,0.43250227
97137,MEM,98,49.553268,LAC,92,A,0.57217956
97148,MEM,95,50.513725,GSW,85,A,0.52885699
97180,MEM,94,51.289711,SAS,88,H,0.49377304
97221,MEM,98,51.562366,LAC,89,H,0.82630283
97240,MEM,80,50.87093,HOU,88,A,0.40724128
97279,MEM,82,51.033894000000004,PHI,79,H,0.82108945
97338,MEM,99,50.450119,IND,95,H,0.5682413000000001
97380,MEM,95,50.668873,TOR,86,H,0.85835564
97401,MEM,111,51.831387,NYK,97,A,0.53216648
97424,MEM,109,52.809673,HOU,86,H,0.68959993
97466,MEM,94,53.213512,TOR,88,A,0.69628894
97469,MEM,136,53.487545,ATL,133,A,0.71090496
97528,MEM,109,53.734318,PHO,99,H,0.84526348
97561,MEM,82,53.203509999999994,MIN,90,A,0.33612585
97570,MEM,81,52.031734,UTA,92,A,0.53945887
97593,MEM,92,52.375751,CLE,74,H,0.85495681
97624,MEM,95,51.846546000000004,LAL,103,A,0.32947063
97659,MEM,83,50.826115,PHO,89,A,0.62433255
97687,MEM,103,50.333878000000006,DAL,110,A,0.32498169
97704,MEM,90,48.789738,MIN,107,H,0.51972473
97729,MEM,74,48.203053000000004,SAS,98,A,0.18708771
97741,MEM,70,47.767418,SAS,87,A,0.1771661
97755,MEM,93,47.401134000000006,SAS,95,H,0.39326289
97775,MEM,97,46.495968,SAS,110,H,0.38346103
97900,MEM,91,43.266796,WAS,103,H,0.82856774
97932,MEM,81,41.925079,HOU,89,H,0.6463896
97946,MEM,88,41.153118,DAL,112,A,0.23071438
97986,MEM,87,40.816563,HOU,90,A,0.31747484
98009,MEM,110,42.803135,LAL,87,H,0.48111656
98030,MEM,96,43.908405,GSW,67,H,0.71973026
98114,MEM,101,45.765021999999995,POR,82,A,0.36213213
98139,MEM,105,45.483897999999996,SAC,107,A,0.31181347
98147,MEM,100,46.794685,GSW,87,A,0.48593456
98178,MEM,93,47.421772,SAS,90,H,0.46411622
98243,MEM,90,45.170921,MIN,115,A,0.2795729
98259,MEM,85,43.721256,DAL,98,H,0.55166024
98295,MEM,93,42.877319,SAC,98,H,0.55564082
98317,MEM,82,42.032795,NYK,90,A,0.45506799
98340,MEM,94,42.455811,PHI,86,H,0.74464893
98370,MEM,91,41.758984000000005,ORL,96,A,0.47809267
98402,MEM,96,42.213539000000004,NYK,88,H,0.72847146
98410,MEM,97,42.8685,ATL,89,A,0.6301496
98442,MEM,84,42.395,MIA,92,A,0.28142202
98469,MEM,72,43.016396,DET,68,H,0.52445036
98493,MEM,86,41.801722999999996,CLE,92,H,0.67401105
98523,MEM,88,39.907257,CHI,96,H,0.80167878
98582,MEM,92,41.656872,LAC,82,A,0.39710397
98601,MEM,82,43.520828,LAL,72,A,0.26437092
98623,MEM,99,42.393260999999995,GSW,109,A,0.5148499
98641,MEM,102,42.083110999999995,PHO,109,A,0.20849919
98675,MEM,96,42.940269,LAC,76,H,0.71781057
98709,MEM,117,43.53862,BOS,109,H,0.6565491
98743,MEM,104,45.320862,MIN,95,A,0.25312668
98775,MEM,92,45.746418,UTA,82,H,0.7690326
98815,MEM,101,48.562515000000005,DET,79,A,0.30512309
98882,MEM,85,48.067558,IND,86,H,0.71954477
98925,MEM,109,48.88493,CHA,89,A,0.72142041
98959,MEM,101,49.396103000000004,MIL,82,H,0.80755407
98985,MEM,99,50.30999,HOU,80,H,0.68055546
99016,MEM,88,51.84576,PHO,79,A,0.29589742
99034,MEM,82,50.626366,DEN,92,A,0.57297814
99067,MEM,110,51.727543,UTA,94,A,0.58345962
99102,MEM,95,52.09766,ORL,83,H,0.80471522
99110,MEM,111,51.5854,CLE,114,A,0.47589892
99172,MEM,84,51.643139,ATL,83,H,0.90424496
99208,MEM,108,52.969662,PHO,97,H,0.57932496
99241,MEM,103,51.906445,LAC,106,H,0.79659182
99308,MEM,108,52.351387,MIN,96,H,0.77016908
99331,MEM,98,52.796238,PHI,95,A,0.57139945
99353,MEM,88,53.013935,POR,82,H,0.82225335
99383,MEM,73,52.42601,IND,76,A,0.53519303
99422,MEM,88,51.937053999999996,BOS,90,A,0.51638269
99485,MEM,83,50.884087,WAS,93,A,0.51322174
99499,MEM,94,49.873451,DEN,97,H,0.76215571
99520,MEM,84,50.905792,SAS,82,A,0.16613370000000002
99561,MEM,99,51.009659,GSW,97,H,0.86322886
99597,MEM,86,51.347458,TOR,75,H,0.81242132
99652,MEM,105,51.812958,LAC,102,A,0.5604344
99669,MEM,82,51.388915999999995,SAC,85,A,0.40758383
99710,MEM,94,52.138870000000004,UTA,82,A,0.64304554
99721,MEM,66,50.295914,POR,80,A,0.66086966
99750,MEM,104,50.756931,POR,83,H,0.83240187
99812,MEM,88,51.467552000000005,MIN,83,H,0.75831568
99847,MEM,91,50.478497,PHO,97,H,0.60838675
99961,MEM,86,47.957778999999995,CHI,94,A,0.42426359999999996
100029,MEM,93,48.194786,MIL,82,A,0.56264329
100062,MEM,102,48.773003,LAL,82,H,0.79339135
100083,MEM,91,48.059321999999995,DEN,94,H,0.59534341
100114,MEM,104,49.990601,TOR,74,A,0.54991341
100126,MEM,97,51.419144,MIA,81,H,0.48975196
100168,MEM,102,51.510921,CHA,95,H,0.92496109
100180,MEM,89,50.624687,DAL,110,A,0.29702771
100210,MEM,92,50.140823,HOU,100,A,0.29968876
100234,MEM,102,49.632637,DEN,111,A,0.29308277
100267,MEM,75,48.874794,SAS,97,A,0.24814898
100290,MEM,94,49.375465000000005,SAS,92,H,0.4890241
100328,MEM,88,47.692326,DAL,108,H,0.50545514
100359,MEM,103,47.217728,PHO,114,A,0.24380744
100374,MEM,103,46.927505,PHO,108,A,0.23409492
100384,MEM,90,45.307594,PHO,110,H,0.48335427
100399,MEM,115,44.507453999999996,PHO,123,H,0.43850249
100536,MEM,78,41.997040000000005,MIA,97,H,0.49565008
100565,MEM,94,42.931197999999995,ORL,85,A,0.53341889
100587,MEM,113,43.414513,CLE,106,H,0.69410866
100624,MEM,98,44.513557,BOS,99,A,0.39669526
100659,MEM,70,43.247147,CLE,89,A,0.40443194
100674,MEM,85,43.464413,ATL,84,A,0.71080482
100705,MEM,85,44.047939,LAL,73,H,0.727162
100741,MEM,115,46.275828999999995,PHO,103,A,0.23146242
100789,MEM,80,47.079231,UTA,72,A,0.55640841
100791,MEM,83,46.123032,DEN,99,A,0.35733533
100816,MEM,87,44.169914,POR,95,H,0.81890148
100858,MEM,86,44.711159,HOU,81,H,0.60822535
100879,MEM,112,48.006142,DAL,92,A,0.2065165
100943,MEM,92,49.330658,TOR,66,A,0.64136052
100961,MEM,91,49.843678000000004,ORL,69,H,0.82277095
100981,MEM,90,51.455822,HOU,75,A,0.42205852
101059,MEM,83,50.819103000000005,DAL,90,H,0.58175308
101078,MEM,66,49.826328000000004,IND,80,A,0.40807140000000003
101134,MEM,79,47.440456,LAL,94,H,0.744941
101187,MEM,91,48.026478000000004,PHO,87,H,0.53677028
101212,MEM,104,47.581238,DET,106,H,0.46138778
101243,MEM,89,47.809238,POR,79,H,0.86467391
101267,MEM,95,48.519527000000004,CHI,77,H,0.7377366999999999
101304,MEM,102,47.798603,UTA,105,A,0.59874916
101328,MEM,100,48.335331,LAL,99,A,0.38869727
101360,MEM,93,48.747002,POR,90,A,0.61339951
101404,MEM,104,49.895439,GSW,94,H,0.73216939
101442,MEM,87,50.512234,UTA,65,H,0.79054129
101462,MEM,82,48.098106,CHI,111,A,0.54771411
101509,MEM,99,48.609188,SAC,85,H,0.7712363
101579,MEM,79,49.115971,SAS,80,A,0.26669967
101605,MEM,83,47.983803,SAS,93,H,0.52949029
101663,MEM,86,46.497326,PHI,89,A,0.49884057
101698,MEM,93,47.74511,WAS,82,A,0.45985126
101714,MEM,82,47.123165,MIA,94,A,0.29315692
101737,MEM,107,48.020302,MIN,87,H,0.70041281
101765,MEM,89,47.796623,DET,95,A,0.17279214
101813,MEM,86,46.434765000000006,HOU,77,H,0.74707705
101849,MEM,80,46.089222,DAL,81,H,0.4304567
101893,MEM,78,44.917294,MIL,88,A,0.53445506
101934,MEM,96,44.12619,SAC,104,A,0.43389583
101955,MEM,102,43.819157000000004,PHO,108,A,0.22323739999999997
101972,MEM,87,43.463955,LAC,91,A,0.30041087
101993,MEM,100,44.054115,LAL,99,A,0.35771531
102025,MEM,81,44.676361,GSW,79,A,0.41238517
102056,MEM,84,45.162708,SAC,78,H,0.66802818
102084,MEM,94,45.505188000000004,TOR,88,H,0.75336874
102114,MEM,87,45.193943,DAL,97,A,0.17565483
102131,MEM,80,44.713485999999996,SAS,83,H,0.42975584
102163,MEM,99,43.937678999999996,MIN,105,A,0.48533374
102184,MEM,108,44.642113,WAS,98,H,0.64692169
102211,MEM,101,44.747871,NYK,99,H,0.86737102
102267,MEM,102,46.747559,LAC,86,A,0.36537623
102281,MEM,101,45.649532,DEN,115,A,0.42985088
102342,MEM,93,46.6842,SAC,105,A,0.36266762
102371,MEM,91,45.679562,PHI,94,H,0.74244082
102401,MEM,93,46.400269,BOS,76,H,0.72909278
102447,MEM,116,47.245373,DEN,102,H,0.65237528
102479,MEM,90,47.511894,UTA,84,H,0.79929692
102501,MEM,105,48.619957,IND,75,H,0.71859103
102537,MEM,95,49.248421,LAC,85,H,0.67048138
102559,MEM,91,49.988772999999995,NYK,75,A,0.70548111
102585,MEM,102,50.145557000000004,CHA,95,H,0.88065815
102688,MEM,98,47.990840999999996,ATL,87,H,0.88069153
102715,MEM,100,48.679588,GSW,75,H,0.79045254
102760,MEM,100,49.111336,MIL,90,H,0.76091003
102804,MEM,81,48.92411,SAS,83,A,0.22503728
102828,MEM,92,49.361061,MIN,76,H,0.81410486
102839,MEM,96,49.892596999999995,CHA,88,A,0.67782855
102893,MEM,93,50.951984,HOU,81,A,0.5333057
102939,MEM,101,51.329521,LAC,95,H,0.71963525
102964,MEM,102,52.040665000000004,MIN,92,A,0.62471783
102983,MEM,93,51.467937,DAL,103,A,0.31332016
103001,MEM,79,50.758839,DAL,94,A,0.29898226
103023,MEM,89,49.959759000000005,DAL,94,H,0.55385792
103037,MEM,76,47.808440999999995,DAL,102,H,0.53089595
103166,MEM,117,45.223312,NYK,118,H,0.8357482
103201,MEM,96,45.654095,CHA,83,H,0.7980417
103214,MEM,86,45.105979999999995,DET,95,A,0.3029595
103260,MEM,80,43.805828000000005,HOU,86,H,0.70792669
103326,MEM,87,43.206790999999996,PHO,96,A,0.32446349
103335,MEM,81,42.512077000000005,LAL,91,A,0.34771746
103378,MEM,111,42.155453,SAC,115,A,0.3006413
103398,MEM,103,40.906719,DAL,115,H,0.50907534
103410,MEM,84,40.627125,DAL,89,A,0.22234082
103443,MEM,95,41.401501,ORL,86,H,0.59951741
103453,MEM,94,41.093117,CLE,97,A,0.29481244
103503,MEM,95,42.053268,WAS,80,H,0.63401723
103526,MEM,76,41.453739,HOU,85,A,0.32375431
103560,MEM,108,43.248259999999995,DEN,96,A,0.33439022
103586,MEM,90,42.337864,LAC,105,A,0.35061222
103628,MEM,97,41.717037,MIA,98,H,0.66349739
103651,MEM,90,40.74519,NYK,98,A,0.50799406
103673,MEM,98,41.287009999999995,BOS,96,A,0.47340012
103710,MEM,94,40.640057,MIL,100,A,0.41731107
103730,MEM,82,39.551323,LAC,89,H,0.58703709
103787,MEM,79,37.10218,POR,85,H,0.77594417
103821,MEM,88,35.378204,ATL,97,H,0.73472518
103837,MEM,90,34.866066,MIA,98,A,0.30579823
103899,MEM,98,35.409756,SAS,105,A,0.11891723
103942,MEM,97,34.475525,UTA,100,H,0.46566746
103976,MEM,101,33.987305,WAS,116,A,0.21036303
103986,MEM,96,32.430884999999996,MIL,112,H,0.53644735
104039,MEM,110,32.982769,TOR,104,H,0.62095326
104055,MEM,109,32.841026,HOU,111,A,0.17661345
104087,MEM,144,33.752583,GSW,135,H,0.5296274999999999
104111,MEM,119,32.3283,BOS,128,H,0.65865457
104146,MEM,96,31.590738,SAS,110,H,0.31782362
104166,MEM,128,32.954144,LAL,118,H,0.38619936
104220,MEM,110,32.065987,MIN,116,H,0.55460304
104234,MEM,66,31.051185999999998,CHI,111,A,0.20563805
104266,MEM,122,30.4634,PHO,137,H,0.25502467
104291,MEM,118,31.343984999999996,PHI,102,H,0.65401471
104342,MEM,91,30.599424,LAC,112,A,0.25580364
104363,MEM,98,30.056965,DEN,115,A,0.22231710000000002
104409,MEM,132,31.088528000000004,UTA,130,A,0.16125369
104431,MEM,96,30.824309999999997,SAS,112,A,0.12150621
104453,MEM,132,30.020857,POR,135,H,0.66429895
104474,MEM,124,30.754240000000003,SAC,117,H,0.54375064
104504,MEM,94,30.603115000000003,DAL,95,H,0.22325546
104551,MEM,110,29.875778000000004,IND,116,H,0.48543271
104591,MEM,90,29.310478000000003,HOU,98,H,0.34947142
104605,MEM,97,29.15761,DAL,113,A,0.076084375
104636,MEM,105,30.02787,MIN,97,H,0.50372458
104707,MEM,104,29.545403999999998,IND,114,A,0.24954981
104752,MEM,115,28.601340999999998,GSW,118,A,0.27543879
104797,MEM,103,29.236126000000002,POR,102,A,0.28498805
104837,MEM,107,28.616688,DEN,111,H,0.50872815
104868,MEM,88,27.727913,UTA,104,H,0.36064535
104896,MEM,112,27.376339,PHI,117,A,0.29852545
104917,MEM,89,27.112768,DET,92,H,0.28551152
104978,MEM,87,26.871042,TOR,94,A,0.18676489999999998
104986,MEM,105,26.659964000000002,ATL,106,A,0.31382197
105005,MEM,115,27.968784000000003,CHA,107,A,0.31172705
105073,MEM,96,25.911959,CLE,118,H,0.32088548
105113,MEM,104,26.49515,CHI,103,H,0.30154037
105182,MEM,119,25.0874,LAL,121,H,0.45532662
105218,MEM,108,24.903532000000002,UTA,118,A,0.12640399
105253,MEM,87,24.715033,PHO,105,A,0.092120171
105258,MEM,88,25.599577,LAL,86,A,0.18528855
105291,MEM,96,26.567946999999997,POR,92,A,0.27315098
105330,MEM,117,25.596531,GSW,122,A,0.20979983
105354,MEM,111,25.345928,PHO,116,H,0.23125571
105404,MEM,104,24.527809,GSW,116,H,0.41485351
105430,MEM,89,23.865013,ORL,116,A,0.22034711
105471,MEM,100,22.915854,SAC,112,H,0.48167214
105529,MEM,133,24.850189,DEN,118,H,0.27947015
105560,MEM,101,26.92503,SAS,91,H,0.15579696
105594,MEM,116,29.327398,MIN,94,A,0.3407405
105782,MEM,101,31.851377000000003,SAS,104,H,0.28957504
105829,MEM,111,30.518551000000002,IND,121,H,0.6093595
105918,MEM,98,30.983140999999996,POR,110,A,0.35621816
105938,MEM,94,30.510138,UTA,118,A,0.15904188
105967,MEM,105,31.554924,HOU,99,H,0.36722609
105993,MEM,99,31.159378000000004,MIL,102,A,0.3810668
106032,MEM,105,30.667816,DAL,108,A,0.12282199
106092,MEM,89,30.962217,TOR,95,H,0.46543074
106124,MEM,88,30.783371000000002,SAS,101,A,0.097061336
106141,MEM,124,31.410446000000004,WAS,118,H,0.5727722
106208,MEM,91,32.359753000000005,TOR,103,A,0.21561729999999998
106240,MEM,109,33.353221999999995,MIN,80,H,0.73596662
106272,MEM,105,32.729649,POR,106,H,0.68277878
106298,MEM,92,32.326893,HOU,105,A,0.19580686
106343,MEM,78,31.512001,ATL,86,A,0.36582738
106388,MEM,103,30.91453,DET,113,H,0.32127333
106437,MEM,91,29.926933000000002,LAC,98,H,0.57450676
106461,MEM,123,31.245583,ORL,119,A,0.17079079
106483,MEM,117,30.569048,GSW,125,H,0.39951774
106509,MEM,88,31.492975,SAS,85,H,0.27531788
106534,MEM,67,31.120302000000002,DET,94,A,0.11874306
106553,MEM,97,30.550271999999996,PHI,99,H,0.57425618
106621,MEM,83,28.005390000000002,HOU,103,H,0.40887192
106662,MEM,87,27.720692,SAS,111,A,0.10535496
106688,MEM,90,30.321081,IND,72,A,0.24740082
106711,MEM,96,30.221424,BOS,100,A,0.10467803
106755,MEM,101,30.739991999999997,MIA,94,H,0.65705407
106772,MEM,101,29.803989,LAL,117,H,0.36659688
106807,MEM,113,29.524382,SAC,116,A,0.29022008
106818,MEM,104,29.237326,GSW,116,A,0.15763718
106855,MEM,99,29.165709000000003,LAL,100,A,0.11784554
106883,MEM,124,28.359201000000002,CLE,132,H,0.47207192
106932,MEM,87,28.550034999999998,CHA,105,A,0.32231265
106969,MEM,104,29.873001000000002,CHI,90,H,0.47336453
106998,MEM,85,28.256335999999997,ORL,112,H,0.43157217
107041,MEM,93,27.90353,WAS,104,A,0.2019484
107044,MEM,125,28.460318,LAC,120,H,0.56646782
107073,MEM,84,27.71323,DAL,103,H,0.28248674
107098,MEM,102,27.276089000000002,DEN,106,H,0.39210242
107151,MEM,91,26.55525,UTA,110,H,0.27897137
107184,MEM,97,25.665611,MIL,102,H,0.6390636
107223,MEM,81,25.525475,DAL,92,A,0.092993021
107289,MEM,107,26.577114,SAC,94,H,0.45536965
107317,MEM,88,26.125961,PHI,102,A,0.22466737
107350,MEM,86,25.04269,LAC,100,A,0.27798979999999995
107387,MEM,83,24.445648000000002,DAL,98,H,0.28318572
107413,MEM,89,24.084566,CLE,109,A,0.15570301
107447,MEM,113,23.574734,PHO,127,H,0.26210484
107497,MEM,95,23.401854,HOU,116,A,0.079695582
107508,MEM,92,22.792276,UTA,113,H,0.24498598
107547,MEM,97,22.405722,CHI,112,A,0.20383137
107626,MEM,89,22.5959,BOS,119,H,0.17870937
107668,MEM,111,22.368006,PHO,132,A,0.10455799
107679,MEM,86,22.128857,DEN,108,A,0.10664082
107721,MEM,107,22.068529,GSW,110,A,0.086697698
107753,MEM,98,23.412802,CHA,80,H,0.48071414
107787,MEM,94,23.087273,MIN,98,A,0.33139956
107819,MEM,120,24.717125,NYK,106,A,0.33725595
107834,MEM,117,25.455318,SAC,111,H,0.47243252
107864,MEM,106,24.878498,DEN,120,H,0.28360444
107900,MEM,106,24.735432,SAC,107,A,0.2329998
107920,MEM,114,26.120424,LAL,111,A,0.08231878299999999
107943,MEM,97,25.288889,LAC,110,A,0.39752799
107973,MEM,99,24.075769,ATL,116,H,0.47553542
108004,MEM,130,24.761679,NYK,114,H,0.69087398
108027,MEM,86,23.720669,GSW,117,H,0.29778948
108060,MEM,113,25.273533,MIN,101,A,0.32016683
108086,MEM,113,24.759422,PHO,127,H,0.25771561
108131,MEM,96,25.416424,MIA,91,A,0.48145598
108151,MEM,105,24.193935,MIN,114,H,0.64887947
108201,MEM,91,23.647045000000002,POR,113,A,0.21287829
108212,MEM,111,23.529529999999998,DEN,120,A,0.09249115
108413,MEM,71,27.322556,HOU,82,A,0.12451833
108442,MEM,86,27.952625,ORL,84,H,0.36011115
108456,MEM,86,27.502352000000002,CHI,96,A,0.26396322
108490,MEM,90,28.849353999999998,GSW,79,H,0.39273438
108522,MEM,95,28.484152,SAC,100,A,0.30339283
108544,MEM,109,29.877509999999997,GSW,104,A,0.18381894
108573,MEM,90,29.577757000000002,DEN,100,A,0.1802901
108595,MEM,102,29.432910999999997,PHO,107,A,0.13408375
108617,MEM,103,26.523365000000002,NYK,132,H,0.65780944
108650,MEM,96,25.652309,MIL,101,H,0.62978446
108710,MEM,109,26.854716999999997,SAC,94,H,0.50863314
108744,MEM,76,26.555654999999998,DAL,91,A,0.14963967
108773,MEM,94,26.069151,UTA,103,H,0.3046678
108801,MEM,81,25.392220000000002,SAS,94,H,0.33491659
108844,MEM,100,25.155851000000002,UTA,117,A,0.11568373
108866,MEM,98,24.965929,SAS,109,A,0.1232596
108878,MEM,103,23.614727,OKC,111,H,0.73202151
108926,MEM,95,23.377428,ATL,105,A,0.16352934
108962,MEM,93,24.076651000000002,LAC,81,H,0.62667358
109005,MEM,109,25.736921,HOU,97,H,0.23704855
109039,MEM,108,26.489527000000002,OKC,102,A,0.47348452
109062,MEM,103,27.289790999999997,CHI,96,H,0.48881799
109096,MEM,102,28.450245000000002,MIA,86,H,0.54943997
109166,MEM,83,25.537325,CHA,112,H,0.59431255
109211,MEM,96,25.246151,LAL,105,H,0.19902681
109227,MEM,82,24.956343,DAL,100,A,0.13438898
109259,MEM,108,25.473019,IND,105,H,0.48663691
109284,MEM,103,25.389635000000002,SAS,106,A,0.10750401
109309,MEM,98,24.752439000000003,MIN,108,A,0.37018442
109323,MEM,89,24.131501999999998,PHO,101,H,0.33323732
109357,MEM,80,23.680661999999998,SAS,91,H,0.26904038
109394,MEM,102,26.106829,DAL,82,H,0.27638847
109421,MEM,87,25.104391,MIN,94,H,0.61731321
109479,MEM,82,24.201181,TOR,103,A,0.19321704
109525,MEM,87,23.839415,CLE,102,H,0.18627582
109569,MEM,91,23.354794000000002,UTA,101,H,0.30296528
109617,MEM,79,22.850379999999998,DET,87,H,0.35443321
109634,MEM,86,22.437489000000003,CHA,101,A,0.21564156
109676,MEM,88,21.870234,NYK,108,A,0.24244171
109728,MEM,85,20.580648,DEN,100,H,0.23176327
109755,MEM,102,20.084286,OKC,114,A,0.30398989
109789,MEM,98,19.842278,LAL,115,H,0.13454856
109827,MEM,113,21.710772,WAS,97,A,0.27512014
109846,MEM,104,23.320974,HOU,93,H,0.25516221
109873,MEM,105,21.115873,LAC,126,H,0.69533545
109893,MEM,78,21.984587,TOR,70,H,0.43335965
109963,MEM,87,22.863447,PHI,91,A,0.12635177
109992,MEM,99,22.614033,UTA,117,A,0.12385231
110013,MEM,90,22.517582,POR,94,A,0.11674082
110031,MEM,106,21.327362,SAC,115,H,0.67056179
110086,MEM,79,21.246431,CLE,94,A,0.05227387
110105,MEM,99,21.079689000000002,IND,104,A,0.1787166
110157,MEM,92,20.24398,OKC,99,H,0.59466171
110201,MEM,89,20.195270999999998,LAL,99,A,0.043078125
110217,MEM,118,22.471607000000002,LAC,95,A,0.30750114
110263,MEM,105,22.08831,PHI,110,H,0.35519069
110275,MEM,83,21.968912,HOU,93,A,0.09198558300000001
110322,MEM,79,21.008801000000002,MIN,104,A,0.3375538
110338,MEM,92,20.949238,BOS,102,A,0.050567985
110375,MEM,89,22.282488,DET,84,A,0.13583595
110396,MEM,92,21.847732999999998,POR,103,H,0.27196184
110428,MEM,109,21.658258,DEN,111,H,0.27246970000000004
110474,MEM,87,21.181259,BOS,105,H,0.16208503
110500,MEM,82,20.951918,MIA,94,A,0.15236962
110561,MEM,113,22.839571,SAC,95,A,0.32277805
110577,MEM,66,22.62846,POR,86,A,0.10004622
110601,MEM,114,23.745379999999997,GSW,109,A,0.22650141
110634,MEM,112,24.109627,WAS,107,H,0.67181545
110660,MEM,107,25.077896,DAL,102,H,0.30727181
110676,MEM,107,26.193924,MIL,102,A,0.252886
110714,MEM,93,25.940197,POR,96,H,0.28184614
110743,MEM,78,25.88365,ORL,81,A,0.075214148
110765,MEM,106,27.737679999999997,PHO,89,H,0.36649784
110794,MEM,75,27.595238000000002,LAL,92,A,0.070424616
110821,MEM,110,27.327745,PHO,119,A,0.17824858
110847,MEM,98,28.450464,ATL,90,H,0.38580081
111051,MEM,74,29.500582,DET,96,H,0.55278009
111081,MEM,115,30.312928999999997,TOR,107,H,0.53168917
111111,MEM,123,30.110704,DEN,133,A,0.12658662
111129,MEM,116,29.166695,SAC,127,A,0.45401156
111151,MEM,105,28.687677,GSW,113,A,0.30659407
111184,MEM,98,28.524223,LAL,114,A,0.081521153
111206,MEM,110,28.123641999999997,LAC,113,A,0.39911640000000004
111242,MEM,79,27.402693,POR,93,H,0.32802296
111252,MEM,79,27.086239000000003,HOU,104,A,0.11393189
111307,MEM,97,27.59549,MIN,87,H,0.70502043
111355,MEM,106,28.305206,LAC,91,H,0.68941069
111392,MEM,102,29.460001000000002,PHI,97,A,0.26462454
111403,MEM,98,28.783361,MIL,103,H,0.5002507
111428,MEM,116,29.435753000000002,SAC,105,H,0.66270465
111462,MEM,111,29.125214,PHO,126,A,0.14875197
111495,MEM,106,31.542254999999997,POR,96,A,0.12735164
111512,MEM,88,30.681356,LAC,98,A,0.43510425
111535,MEM,93,30.052031,UTA,120,A,0.19064546
111556,MEM,97,30.545076,MIN,95,A,0.48298192
111582,MEM,98,32.745251,DAL,82,H,0.30362082
111641,MEM,111,33.559298999999996,CLE,109,H,0.27732542
111679,MEM,94,32.46693,OKC,102,H,0.57210004
111712,MEM,118,36.076824,MIA,90,A,0.26797366
111725,MEM,105,35.658226,BOS,110,H,0.31849754
111747,MEM,97,35.249569,ATL,110,A,0.19399482
111786,MEM,107,36.015049,IND,94,H,0.6676327
111823,MEM,102,37.048756,DEN,96,H,0.39377475
111851,MEM,121,37.639297,GSW,108,H,0.73550111
111890,MEM,101,37.406418,DAL,106,A,0.19078147
111925,MEM,116,37.764454,WAS,111,H,0.72320211
111950,MEM,121,38.975826,IND,110,A,0.47943640000000004
111998,MEM,128,42.620083,PHO,103,A,0.23915124
112040,MEM,109,43.667159999999996,POR,105,A,0.30118483
112063,MEM,94,42.45406,UTA,117,A,0.34872031
112072,MEM,91,42.840748,UTA,89,H,0.5970363000000001
112090,MEM,87,42.474918,CHA,89,A,0.38500887
112138,MEM,104,42.706371000000004,LAC,102,H,0.73835438
112188,MEM,135,43.128239,MIN,110,H,0.86743754
112207,MEM,92,43.875748,SAS,86,H,0.52980429
112232,MEM,125,44.448776,PHO,118,H,0.64606363
112284,MEM,86,44.378265,OKC,84,H,0.63240397
112335,MEM,99,45.057865,ORL,94,H,0.52849841
112358,MEM,99,45.659061,DET,93,A,0.60331953
112405,MEM,97,45.150455,SAS,104,A,0.32175863
112441,MEM,95,44.431141,LAL,93,H,0.39845651
112455,MEM,89,44.105476,CLE,105,A,0.13925511
112502,MEM,83,41.977936,HOU,101,H,0.62160301
112528,MEM,102,40.83271,MIN,109,A,0.60901755
112555,MEM,94,39.404503000000005,ATL,108,H,0.52286774
112601,MEM,95,37.840015,PHO,109,H,0.56176329
112629,MEM,109,39.306961,TOR,102,A,0.27702540000000003
112643,MEM,87,37.893135,MIA,100,H,0.53973973
112709,MEM,98,38.2841,LAL,99,H,0.32860732
112739,MEM,99,39.052105,WAS,94,A,0.48302543
112757,MEM,89,38.215675,CHA,93,H,0.59773129
112780,MEM,120,39.292873,NYK,109,A,0.52560377
112810,MEM,93,38.070178999999996,POR,103,H,0.54828566
112850,MEM,105,40.494972,CHI,96,A,0.33829945
112882,MEM,92,39.399414,SAS,102,H,0.50279725
112935,MEM,111,42.687183000000005,BOS,91,A,0.24184704
112965,MEM,119,42.918064,NYK,112,H,0.83887458
112990,MEM,108,41.494888,DEN,125,H,0.47105387
113031,MEM,104,41.95499,CHI,97,H,0.70725429
113051,MEM,94,41.132721000000004,HOU,107,A,0.34789091
113093,MEM,123,41.640015000000005,GSW,107,H,0.79550803
113132,MEM,102,42.896202,SAC,85,A,0.57385737
113151,MEM,110,40.930305,GSW,128,A,0.58596778
113216,MEM,103,40.509975,MIL,108,A,0.31538844
113255,MEM,102,39.767849,DAL,106,H,0.54542685
113322,MEM,92,40.032574,ORL,107,A,0.15710604
113334,MEM,103,38.449669,HOU,113,H,0.66092682
113347,MEM,84,37.47934,DAL,110,A,0.26869768
113403,MEM,107,39.56282,SAS,99,A,0.15765184
113412,MEM,101,36.356941,PHI,120,H,0.79190427
113434,MEM,101,35.780281,DEN,123,A,0.19121134
113481,MEM,105,35.457088,OKC,114,A,0.19305396
113673,MEM,104,35.442268,ATL,119,H,0.49919629
113697,MEM,91,36.248771999999995,DAL,90,A,0.21084142
113726,MEM,109,36.825089,MIN,89,H,0.7978881
113753,MEM,105,36.430878,LAL,124,A,0.14931267
113766,MEM,109,35.853035,GSW,115,A,0.38482738
113810,MEM,118,35.646935,PHO,123,A,0.17281216
113822,MEM,100,36.720875,SAC,91,A,0.47432178
113849,MEM,109,38.109241,PHO,99,H,0.39528713
113872,MEM,91,36.704208,DAL,106,H,0.50105226
113919,MEM,110,36.144798,BOS,116,H,0.37415648
113949,MEM,72,35.750694,ORL,89,A,0.16021347
113962,MEM,99,35.34333,POR,100,H,0.49140444
114014,MEM,86,34.830459999999995,WAS,89,A,0.45722073
114027,MEM,97,35.426204999999996,MIA,95,H,0.42513716
114079,MEM,105,36.320892,DET,84,H,0.71216655
114107,MEM,116,36.729591,GSW,111,H,0.68888354
114121,MEM,86,36.318226,CLE,92,A,0.28878438
114165,MEM,98,37.045002000000004,LAL,96,H,0.34124309
114175,MEM,109,36.804787,ATL,112,A,0.23998791
114214,MEM,111,34.831146000000004,HOU,127,H,0.62990916
114240,MEM,107,34.702896,DEN,108,A,0.18651301
114269,MEM,85,34.419388,UTA,94,A,0.17326021
114299,MEM,104,36.03054,PHO,98,A,0.19042438
114346,MEM,84,36.410618,LAC,83,A,0.53638059
114367,MEM,86,37.58548,POR,73,H,0.53064954
114390,MEM,113,39.21307,CHA,80,H,0.64090186
114421,MEM,87,38.254333,HOU,103,A,0.35344434
114448,MEM,106,38.058754,SAS,112,A,0.15030694
114535,MEM,104,38.550732,IND,90,A,0.29339677
114548,MEM,96,39.035022999999995,TOR,85,H,0.75660467
114594,MEM,98,38.306026,SAC,100,A,0.65654171
114633,MEM,92,37.993041999999996,UTA,98,A,0.22689867
114641,MEM,104,41.419056,LAL,85,A,0.18169963
114668,MEM,110,42.054256,OKC,105,H,0.55612373
114710,MEM,110,43.024734,UTA,99,H,0.56418437
114738,MEM,100,42.485428000000006,OKC,109,A,0.29638064
114757,MEM,82,41.170994,CHA,96,A,0.49007154
114777,MEM,107,42.090069,DET,99,A,0.51367962
114834,MEM,89,43.61845,DAL,70,H,0.53034502
114861,MEM,84,42.258801,CHI,96,H,0.54443777
114918,MEM,115,42.51144,HOU,110,H,0.63011175
114941,MEM,94,44.290371,MIL,81,A,0.36070025
114975,MEM,100,44.693684000000005,TOR,98,A,0.58100438
115028,MEM,99,44.615307,PHI,94,A,0.40006459
115042,MEM,107,44.947514,WAS,93,H,0.84637505
115073,MEM,100,45.546448,ORL,97,H,0.48740286
115099,MEM,102,46.479935,MIN,84,A,0.67354929
115129,MEM,112,46.628845,CLE,105,H,0.88917345
115146,MEM,93,46.222088,HOU,95,A,0.42546779
115174,MEM,84,45.074551,LAL,93,H,0.55259752
115192,MEM,105,46.160576,OKC,101,A,0.27982265
115230,MEM,89,46.408951,MIL,86,H,0.75152838
115267,MEM,116,47.000877,DEN,108,H,0.65488648
115292,MEM,102,47.745781,PHI,91,H,0.64260286
115328,MEM,107,46.782211,DEN,120,A,0.40447068
115350,MEM,104,47.309521000000004,MIN,95,A,0.70421159
115403,MEM,120,47.868717,SAC,92,H,0.83834797
115424,MEM,88,47.558121,SAS,95,A,0.21358669
115441,MEM,109,49.159908,SAS,93,H,0.45334205
115517,MEM,104,48.449566,DAL,103,A,0.24851125
115535,MEM,107,49.030628,OKC,101,H,0.60628563
115561,MEM,108,48.232521000000006,NYK,110,H,0.71266121
115612,MEM,85,47.050411,MIA,118,A,0.27938199
115637,MEM,105,47.76342,LAC,82,H,0.77417326
115682,MEM,99,46.213142,NYK,120,A,0.45641428
115713,MEM,99,46.953453,IND,78,H,0.75470442
115746,MEM,103,47.575325,UTA,85,H,0.76762259
115760,MEM,90,48.557964,BOS,87,A,0.2612353
115791,MEM,96,48.343090000000004,CHI,99,A,0.22241139
115833,MEM,111,49.192837,SAS,104,H,0.50046027
115874,MEM,110,49.685802,GSW,91,H,0.8130613
115926,MEM,106,51.26416,MIN,89,H,0.91371489
115967,MEM,81,50.413643,LAC,82,H,0.82991302
116017,MEM,101,50.616119,SAC,96,H,0.82395625
116084,MEM,89,50.583031,POR,102,A,0.41031498
116098,MEM,103,49.516727,LAC,110,A,0.59953481
116131,MEM,101,50.404156,SAS,98,A,0.29930872
116147,MEM,87,49.955845000000004,SAS,93,A,0.32119167
116165,MEM,91,50.394657,SAS,88,H,0.58690596
116180,MEM,104,51.535965000000004,SAS,86,H,0.59914201
116192,MEM,103,51.001709000000005,SAS,110,A,0.35063273
116201,MEM,99,51.644596,SAS,91,H,0.61596817
116204,MEM,114,53.64370699999999,OKC,101,A,0.27049077
116212,MEM,102,53.105942000000006,OKC,111,A,0.320081
116224,MEM,101,53.795925,OKC,93,H,0.58247769
116233,MEM,123,52.526051,OKC,133,H,0.60261655
116238,MEM,72,51.502556,OKC,99,A,0.2915737
116242,MEM,95,52.533974,OKC,83,H,0.53555447
116247,MEM,90,51.855011,OKC,105,A,0.29176885
116308,MEM,82,48.408573,SAS,95,A,0.35727191
116332,MEM,95,47.737644,OKC,98,H,0.56738359
116366,MEM,113,48.815865,HOU,93,H,0.64844704
116391,MEM,64,47.451893,CHI,104,A,0.28060895
116435,MEM,113,47.965225,SAC,96,H,0.79588854
116452,MEM,90,48.383911,MIN,86,A,0.64704669
116493,MEM,85,47.320007000000004,UTA,94,A,0.52772629
116517,MEM,82,46.764164,LAL,90,A,0.32802731
116548,MEM,95,45.965965000000004,OKC,100,H,0.53834015
116589,MEM,94,46.565174,NYK,83,H,0.70442367
116654,MEM,102,48.536167,CHI,86,H,0.46935709999999997
116712,MEM,98,50.148075,DET,81,A,0.66098648
116739,MEM,128,50.799403999999996,SAC,95,H,0.82934183
116767,MEM,91,51.1241,GSW,90,A,0.57577723
116789,MEM,84,50.13834,POR,97,A,0.42334318
116816,MEM,91,49.292190999999995,LAC,98,A,0.50166833
116855,MEM,84,48.762596,PHO,86,A,0.53323084
116878,MEM,73,47.312309,SAS,83,H,0.63402981
116900,MEM,100,47.797806,DEN,97,H,0.56076986
116928,MEM,96,50.126015,ATL,77,A,0.3382718
116953,MEM,94,49.725857,OKC,101,A,0.27077723
116987,MEM,80,48.602425,BOS,98,A,0.38909751
116994,MEM,84,47.715118,SAS,89,H,0.58894849
117028,MEM,85,47.9911,MIN,80,H,0.77468491
117058,MEM,98,48.512446999999995,IND,92,H,0.64143425
117101,MEM,88,46.559067,UTA,98,H,0.76779103
117126,MEM,93,47.273734999999995,HOU,83,H,0.63828492
117175,MEM,103,47.925625,DEN,102,H,0.6388613000000001
117193,MEM,104,48.097065,GSW,103,H,0.7585963000000001
117224,MEM,93,47.603451,HOU,97,A,0.40350866
117242,MEM,89,48.414951,PHI,76,H,0.64733821
117311,MEM,96,49.273521,DAL,85,H,0.59383571
117351,MEM,102,49.613728,TOR,99,A,0.66771162
117358,MEM,100,49.929328999999996,DET,83,H,0.86463094
117419,MEM,110,51.380901,GSW,92,A,0.51496446
117478,MEM,91,50.531544,PHO,98,A,0.50889516
117485,MEM,94,51.247054999999996,DEN,91,A,0.3918184
117521,MEM,111,50.254303,LAL,116,H,0.651016
117571,MEM,110,48.76709,TOR,114,H,0.86671507
117606,MEM,97,48.894707000000004,WAS,92,H,0.88486278
117638,MEM,110,47.627109999999995,SAC,119,A,0.60348839
117669,MEM,93,47.000187,POR,97,A,0.48739319999999997
117702,MEM,85,45.775455,LAC,101,A,0.43737143
117720,MEM,102,47.10688,LAL,96,A,0.27629393
117752,MEM,93,47.50639,MIN,86,H,0.73523724
117800,MEM,89,46.624573,HOU,98,A,0.45306236
117821,MEM,99,47.452606,MIL,95,A,0.39854205
117850,MEM,94,48.99649,OKC,88,A,0.20375353
117866,MEM,98,49.194347,GSW,94,H,0.81311512
117878,MEM,85,48.374802,DAL,95,A,0.41023237
117917,MEM,97,50.913376,MIA,82,A,0.22259253
117937,MEM,94,51.273209,DAL,89,H,0.70851696
117967,MEM,94,51.807083,LAC,85,H,0.68909085
118001,MEM,104,52.401309999999995,PHO,93,H,0.69129735
118023,MEM,97,51.818092,SAS,107,A,0.31950325
118050,MEM,103,52.136749,UTA,98,H,0.73459888
118106,MEM,91,51.007236,MIN,84,A,0.64054871
118152,MEM,85,51.483554999999996,CHA,80,A,0.8682915000000001
118168,MEM,93,51.665237,POR,89,H,0.82210106
118198,MEM,109,51.788742,CLE,101,H,0.90822357
118246,MEM,88,52.235069,ORL,76,H,0.76987749
118270,MEM,98,51.650448,LAC,99,H,0.66950727
118286,MEM,105,52.171642,LAC,98,H,0.65404522
118304,MEM,86,51.884009999999996,LAC,87,A,0.38868135
118318,MEM,97,51.443012,LAC,101,A,0.3806265
118331,MEM,92,52.178753,LAC,80,H,0.64850807
118341,MEM,90,52.787888,LAC,88,A,0.38888174
118346,MEM,72,51.240646000000005,LAC,82,H,0.68391579
118436,MEM,92,48.039715,LAC,101,A,0.38421071
118461,MEM,104,48.935745000000004,GSW,94,A,0.55994952
118512,MEM,103,49.46484,UTA,94,H,0.69857252
118544,MEM,108,51.184855999999996,MIL,90,A,0.44852525
118567,MEM,93,51.545006,HOU,85,H,0.7648949
118609,MEM,104,52.815155000000004,MIA,86,H,0.55686861
118655,MEM,107,54.350105000000006,OKC,97,A,0.30872065
118672,MEM,105,54.911724,NYK,95,H,0.67965513
118687,MEM,94,55.142216000000005,CHA,87,A,0.82080901
118722,MEM,92,53.990417,DEN,97,H,0.7453776
118778,MEM,106,54.334835,LAL,98,H,0.76528722
118825,MEM,84,54.442158,CLE,78,H,0.90298849
118853,MEM,103,54.761635,TOR,82,H,0.87209398
118877,MEM,90,55.044169999999994,DET,78,H,0.83919591
118908,MEM,95,54.744656000000006,SAS,99,A,0.28724098
118933,MEM,108,55.029202000000005,PHO,98,H,0.82109851
119001,MEM,83,53.817085,ATL,93,H,0.73811376
119062,MEM,80,53.205528,PHO,82,A,0.62000358
119079,MEM,94,52.63475,DEN,99,A,0.43714821
119115,MEM,99,53.935848,UTA,86,A,0.45712531
119126,MEM,80,54.431938,CHI,71,H,0.69757152
119167,MEM,90,54.753738,MIL,80,H,0.80169755
119194,MEM,92,55.02170600000001,DAL,82,H,0.83028328
119210,MEM,96,53.157291,HOU,121,A,0.5126605
119251,MEM,89,51.039192,PHI,99,H,0.82442796
119309,MEM,81,51.680088,DEN,72,H,0.63828218
119331,MEM,83,51.136641999999995,IND,88,A,0.41274011
119351,MEM,93,52.163239000000004,BOS,83,A,0.49555415
119387,MEM,84,51.197258000000005,POR,86,H,0.81329232
119427,MEM,92,52.034134,PHO,81,A,0.59166706
119439,MEM,113,53.553375,SAC,81,A,0.62998581
119464,MEM,94,54.426762,GSW,87,A,0.46164536
119495,MEM,101,54.861869999999996,SAS,98,H,0.56714517
119507,MEM,83,52.565684999999995,DAL,104,A,0.65231347
119541,MEM,73,50.114585999999996,LAC,99,H,0.59807676
119579,MEM,82,49.398163000000004,SAS,103,A,0.24427545
119601,MEM,85,49.746368,SAC,69,H,0.84715676
119612,MEM,85,50.438259,CHI,82,A,0.41068751
119640,MEM,81,49.839378,IND,82,H,0.67003906
119666,MEM,106,50.373081,LAL,93,H,0.74849564
119697,MEM,101,51.35524,BRK,77,H,0.70145589
119747,MEM,103,49.912571,PHI,100,A,0.5620594
119789,MEM,89,49.348248,OKC,106,A,0.22516376
119801,MEM,85,49.59877,WAS,76,H,0.84204215
119862,MEM,90,47.994034,PHO,96,H,0.81496799
119865,MEM,92,46.944489000000004,ATL,103,A,0.47297089999999997
119907,MEM,99,47.43721,GSW,93,H,0.66044527
119933,MEM,105,47.898556,MIN,88,H,0.81413156
119967,MEM,108,48.117034999999994,SAC,101,H,0.84273934
120007,MEM,105,49.250534,DET,91,A,0.55196851
120040,MEM,88,50.028393,TOR,82,A,0.49860078
120059,MEM,88,50.133789,ORL,82,H,0.90973651
120084,MEM,76,50.807915,BRK,72,A,0.47171414
120131,MEM,90,51.114807,DAL,84,H,0.76584667
120161,MEM,91,50.80603,MIA,98,A,0.21881014
120195,MEM,108,51.496860999999996,ORL,82,A,0.78941077
120239,MEM,91,51.719109,POR,85,H,0.82195604
120263,MEM,103,52.40749,CLE,92,A,0.65079153
120334,MEM,102,53.297897,POR,97,A,0.53816807
120349,MEM,96,54.850674,LAC,85,A,0.32677501
120366,MEM,80,54.39406999999999,DEN,87,A,0.32108414
120391,MEM,84,53.509356999999994,UTA,90,A,0.5790143
120422,MEM,92,53.785938,MIN,77,H,0.86397547
120453,MEM,90,54.123749,OKC,89,H,0.54606879
120500,MEM,110,53.163155,BOS,106,H,0.76353431
120530,MEM,94,51.700996,WAS,107,A,0.58679706
120553,MEM,101,51.047207,NYK,108,A,0.41473311
120581,MEM,103,51.594101,HOU,94,H,0.68347132
120604,MEM,99,52.549609999999994,MIN,86,A,0.58084083
120631,MEM,92,52.916801,SAS,90,H,0.58631754
120660,MEM,94,54.088455,POR,76,A,0.57799858
120687,MEM,84,53.648991,LAL,86,A,0.4849425
120731,MEM,89,53.938015,SAC,87,A,0.6558181
120745,MEM,94,54.077918999999994,CHA,75,H,0.93564105
120784,MEM,82,54.805462,HOU,78,A,0.41493249
120806,MEM,87,53.938015,LAC,91,H,0.66289294
120835,MEM,103,54.660748,DAL,97,A,0.50163126
120869,MEM,86,55.181445999999994,UTA,70,H,0.76734811
120888,MEM,91,54.102852,LAC,112,A,0.36700749
120903,MEM,91,53.822155,LAC,93,A,0.33666092
120919,MEM,94,54.630221999999996,LAC,82,H,0.60798568
120935,MEM,104,55.704166,LAC,83,H,0.63131207
120952,MEM,103,56.943443,LAC,93,A,0.38235235
120971,MEM,118,57.533535,LAC,105,H,0.69632196
120976,MEM,91,57.299911,OKC,93,A,0.30576098
120985,MEM,99,58.371483,OKC,93,A,0.29931742
120997,MEM,87,58.859001,OKC,81,H,0.60878879
121003,MEM,103,59.317478,OKC,97,H,0.62430161
121011,MEM,88,60.0508,OKC,84,A,0.35871124
121019,MEM,83,58.925541,SAS,105,A,0.40510100000000004
121020,MEM,89,58.55601899999999,SAS,93,A,0.36834878
121027,MEM,93,57.231193999999995,SAS,104,H,0.6369347
121030,MEM,86,56.284561,SAS,93,H,0.59553826
121083,MEM,94,52.260220000000004,SAS,101,A,0.30702043
121107,MEM,111,52.392403,DET,108,H,0.84874552
121118,MEM,99,51.282871,DAL,111,A,0.49110872
121150,MEM,95,51.551643,BOS,88,H,0.80510724
121178,MEM,84,48.525402,NOP,99,H,0.85231084
121231,MEM,108,49.652885,GSW,90,H,0.6099906
121256,MEM,79,48.827686,IND,95,A,0.32178932
121282,MEM,87,46.272301,TOR,103,H,0.75218952
121313,MEM,89,46.889751000000004,LAL,86,A,0.47196877
121348,MEM,97,47.797047,SAC,86,A,0.57963133
121358,MEM,106,48.805240999999995,LAC,102,A,0.30501908
121383,MEM,88,50.079659,GSW,81,A,0.32329237
121415,MEM,86,48.756927000000005,SAS,102,H,0.47482589
121465,MEM,86,47.559044,HOU,93,H,0.64290363
121483,MEM,100,48.373798,BOS,93,A,0.51947057
121538,MEM,88,46.427887,BRK,97,H,0.79386079
121583,MEM,110,47.054295,PHO,91,H,0.77432275
121608,MEM,81,44.989132,LAC,101,H,0.58213311
121634,MEM,82,42.284424,GSW,108,H,0.61431605
121660,MEM,94,42.582085,ORL,85,H,0.82290119
121692,MEM,100,41.447784000000006,OKC,116,H,0.40534744
121722,MEM,98,40.802132,NOP,104,A,0.41663086
121755,MEM,93,39.587631,MIN,101,H,0.6014325
121787,MEM,92,38.592175,LAL,96,H,0.67538077
121794,MEM,91,37.876663,DAL,105,A,0.29809636
121849,MEM,95,39.12392,NYK,87,A,0.38534385
121874,MEM,104,39.700394,UTA,94,H,0.7030496
121901,MEM,92,39.318515999999995,HOU,100,A,0.23385966
121935,MEM,120,40.789379,DEN,99,H,0.56986147
121962,MEM,91,39.763740999999996,CHI,95,H,0.68820918
122004,MEM,99,41.272888,PHO,91,A,0.30053747
122021,MEM,108,40.862862,DEN,111,A,0.37451708
122050,MEM,112,43.163727,DET,84,A,0.47852170000000005
122079,MEM,108,42.756577,SAS,110,H,0.42051765
122122,MEM,104,43.265353999999995,PHO,99,H,0.62917674
122154,MEM,108,43.811436,ATL,101,H,0.66064441
122181,MEM,90,44.5117,OKC,87,H,0.42469519
122189,MEM,82,44.96143,MIL,77,A,0.66378629
122218,MEM,91,45.121696,SAC,90,H,0.77615994
122277,MEM,92,44.047836,NOP,95,H,0.76869655
122331,MEM,88,44.765015000000005,HOU,87,A,0.26753581
122346,MEM,99,46.125842999999996,HOU,81,H,0.55561769
122398,MEM,98,48.611351,POR,81,A,0.27980846
122414,MEM,99,49.450027,SAC,89,A,0.58115232
122434,MEM,94,50.319038,MIN,90,A,0.36543638
122452,MEM,99,50.439823,MIL,90,H,0.91676968
122483,MEM,77,50.099369,OKC,86,A,0.2083053
122507,MEM,96,48.029224,DAL,110,H,0.70280576
122546,MEM,79,48.67944,ATL,76,A,0.44481659
122564,MEM,83,47.251614000000004,CLE,91,A,0.68742532
122596,MEM,92,47.564545,WAS,89,H,0.69517243
122622,MEM,86,47.973034000000006,ORL,81,A,0.68487173
122643,MEM,98,48.237159999999996,NYK,93,H,0.78271461
122687,MEM,102,48.918327000000005,LAC,96,H,0.55251205
122700,MEM,89,48.350578000000006,CHA,92,A,0.50114751
122763,MEM,108,48.507545,LAL,103,H,0.86207426
122791,MEM,107,48.156334,OKC,113,A,0.25669384
122802,MEM,110,48.574478000000006,CLE,96,H,0.80789709
122843,MEM,110,49.590053999999995,WAS,104,A,0.38935649
122858,MEM,94,48.782803,BRK,103,A,0.42827415
122886,MEM,85,50.009613,CHI,77,A,0.37528396
122909,MEM,111,50.767933,CHA,89,H,0.74902904
122957,MEM,109,51.458107,POR,99,H,0.6362161
122969,MEM,90,51.804256,NOP,88,A,0.6109482
123006,MEM,86,50.950294,TOR,99,A,0.37927055
123019,MEM,103,51.384411,PHI,77,A,0.85997039
123074,MEM,96,51.60416,UTA,86,H,0.86420894
123103,MEM,86,51.241043,MIA,91,A,0.29481494
123123,MEM,82,51.970146,IND,71,H,0.63559008
123150,MEM,109,52.636776,MIN,92,H,0.73236352
123187,MEM,91,52.946152000000005,UTA,87,A,0.71355021
123206,MEM,93,52.373329,GSW,100,A,0.37764323
123248,MEM,98,51.764973,POR,105,A,0.3940348
123257,MEM,94,52.123226,DEN,92,A,0.59838128
123284,MEM,88,50.935833,MIN,102,A,0.47716254
123322,MEM,100,51.222862,DEN,92,H,0.80763429
123363,MEM,92,50.680637,SAS,112,A,0.19997585
123385,MEM,107,51.271519,MIA,102,H,0.5602594
123413,MEM,117,51.405571,PHI,95,H,0.94556737
123453,MEM,102,51.977314,LAL,90,A,0.71634257
123472,MEM,97,52.930378000000005,PHO,91,A,0.39900976
123493,MEM,106,53.177761,DAL,105,H,0.6526624
123519,MEM,86,52.435341,OKC,100,A,0.32963771
123533,MEM,111,53.585777,OKC,105,A,0.31030774
123550,MEM,98,53.962223,OKC,95,H,0.62028205
123565,MEM,89,53.238079000000006,OKC,92,H,0.63099897
123584,MEM,100,53.807877000000005,OKC,99,A,0.33124495
123596,MEM,84,51.67868,OKC,104,H,0.62661165
123609,MEM,109,51.117897,OKC,120,A,0.29147184
123706,MEM,105,48.972343,MIN,101,H,0.72116035
123734,MEM,97,50.07056,IND,89,A,0.42327082
123785,MEM,93,50.973202,NOP,81,H,0.79976827
123818,MEM,102,52.252784999999996,PHO,91,A,0.4296267
123843,MEM,91,52.832085,OKC,89,A,0.41052461
123866,MEM,92,52.140984,MIL,93,A,0.74965465
123900,MEM,107,52.298790000000004,LAL,102,H,0.85585332
123931,MEM,111,52.428242,SAC,110,H,0.80242991
123965,MEM,95,52.59819399999999,DET,88,H,0.86809081
123994,MEM,119,54.033001,HOU,93,H,0.59770542
124027,MEM,92,53.528412,TOR,96,A,0.43625456
124045,MEM,117,53.813168000000005,BOS,100,H,0.87042528
124081,MEM,107,54.658779,LAC,91,H,0.6519894
124122,MEM,99,55.05825,LAL,93,A,0.6909126
124154,MEM,112,56.533772,POR,99,A,0.38346517
124186,MEM,97,57.369220999999996,SAC,85,A,0.5788641
124223,MEM,96,56.64348199999999,HOU,105,A,0.43464285
124250,MEM,101,55.821304000000005,SAS,107,H,0.56622946
124288,MEM,103,56.220946999999995,MIA,87,H,0.81170934
124312,MEM,114,56.698710999999996,DAL,105,H,0.69588286
124383,MEM,120,56.98896,PHI,115,A,0.84885478
124419,MEM,105,57.601578,GSW,98,H,0.57130772
124444,MEM,117,58.124638,SAS,116,A,0.33041453
124467,MEM,97,56.941715,CHI,103,H,0.74264115
124493,MEM,91,55.59177,CLE,105,A,0.56110233
124519,MEM,91,53.769279000000004,UTA,97,H,0.89252603
124564,MEM,111,52.705318000000005,HOU,117,H,0.65562493
124587,MEM,103,53.4011,MIA,95,A,0.58179736
124631,MEM,95,54.03014399999999,SAS,87,H,0.61155117
124665,MEM,109,54.354824,LAL,106,A,0.66229689
124682,MEM,85,51.561913,DEN,114,A,0.63140726
124719,MEM,105,51.841675,NYK,83,H,0.89405107
124735,MEM,86,51.203228,ATL,96,A,0.34241188
124779,MEM,95,50.145546,NOP,106,A,0.48809475
124813,MEM,122,50.891563,PHO,110,H,0.64932233
124840,MEM,103,51.710186,BRK,92,A,0.60034823
124875,MEM,106,52.246506,ORL,96,A,0.70287013
124903,MEM,102,52.707457999999995,POR,98,H,0.60147697
124925,MEM,95,51.456875,DAL,103,H,0.64821345
124950,MEM,92,51.872478,TOR,86,H,0.69395304
124996,MEM,101,52.028560999999996,PHI,83,H,0.92863804
125028,MEM,103,52.167339,ORL,94,H,0.90383065
125036,MEM,109,54.291306000000006,DAL,90,A,0.35508788
125075,MEM,99,54.8885,DEN,69,H,0.82255989
125106,MEM,85,55.370674,OKC,74,H,0.7303411999999999
125132,MEM,102,55.773449,PHO,101,A,0.46646398
125169,MEM,100,56.399818,UTA,90,A,0.64051473
125190,MEM,89,55.677849,MIN,90,A,0.79691249
125225,MEM,94,56.239899,ATL,88,H,0.58195329
125259,MEM,95,56.439471999999995,BRK,86,H,0.85795707
125279,MEM,89,55.317341000000006,OKC,105,A,0.45034987
125344,MEM,98,56.198707999999996,POR,92,A,0.40805763
125353,MEM,90,56.892651,LAC,87,A,0.36297989
125391,MEM,90,55.033848,SAC,102,A,0.74669957
125414,MEM,79,53.019764,LAC,97,H,0.64369839
125430,MEM,101,53.330481999999996,MIN,97,A,0.71102989
125476,MEM,82,51.275009000000004,UTA,93,H,0.78772062
125487,MEM,102,51.95779,HOU,100,A,0.34315002
125522,MEM,97,52.099781,LAL,90,H,0.88828182
125545,MEM,89,51.246288,NOP,95,A,0.54897165
125566,MEM,101,52.416607,CHI,91,A,0.44107544
125593,MEM,92,51.721088,BOS,95,A,0.60263038
125620,MEM,87,49.979935,WAS,107,A,0.52910668
125645,MEM,96,50.470814000000004,MIL,83,H,0.76573664
125677,MEM,92,50.812222,DEN,81,H,0.81178141
125689,MEM,95,49.434788,DET,105,A,0.62031329
125734,MEM,112,50.947055999999996,DAL,101,A,0.36406332
125760,MEM,97,51.710171,POR,86,H,0.62269777
125792,MEM,103,52.274623999999996,NYK,82,A,0.79650551
125815,MEM,89,50.169003000000004,CLE,111,H,0.582923
125845,MEM,84,48.736862,GSW,107,H,0.41374964
125887,MEM,89,48.202259000000005,SAS,103,A,0.23806536
125894,MEM,97,48.628769,SAC,83,H,0.804461
125953,MEM,100,49.318160999999996,OKC,92,H,0.60216165
125972,MEM,83,47.574524,WAS,92,H,0.7489717
126021,MEM,110,49.022636,NOP,74,H,0.68409336
126063,MEM,89,49.53083,UTA,88,A,0.40766084
126068,MEM,86,49.165554,LAC,94,A,0.23317039
126102,MEM,107,48.998188,GSW,111,A,0.16130948
126139,MEM,95,49.557567999999996,IND,83,H,0.72836721
126166,MEM,100,50.384563,POR,86,H,0.65032458
126183,MEM,97,51.179955,POR,82,H,0.67168188
126203,MEM,115,52.109085,POR,109,A,0.41510087
126217,MEM,92,51.40575,POR,99,A,0.44187319
126225,MEM,99,51.816185,POR,93,H,0.69737399
126236,MEM,86,51.44907,GSW,101,A,0.17004842
126245,MEM,97,53.21005600000001,GSW,90,A,0.16403829999999997
126255,MEM,99,54.366486,GSW,89,H,0.43342608
126263,MEM,84,53.089085,GSW,101,H,0.46822599
126272,MEM,78,52.58342,GSW,98,A,0.19251746
126281,MEM,95,51.639843,GSW,108,H,0.41508365
